{
    "timers": {
        "rollout": {
            "start": 1762141371.861784,
            "end": 1762141371.862378,
            "duration_ms": 0.5939006805419922
        },
        "update": {
            "start": 1762141371.862875,
            "end": 1762141371.8768692,
            "duration_ms": 13.994216918945312
        }
    },
    "metrics": {
        "planner_latency_ms": [
            0.0030994415283203125,
            0.0021457672119140625,
            0.0011920928955078125,
            0.00095367431640625,
            0.0011920928955078125,
            0.0011920928955078125,
            0.0011920928955078125,
            0.00095367431640625,
            0.00095367431640625,
            0.0011920928955078125,
            0.00095367431640625,
            0.00095367431640625,
            0.00095367431640625,
            0.00095367431640625,
            0.00095367431640625,
            0.00095367431640625,
            0.00095367431640625,
            0.0011920928955078125,
            0.0011920928955078125,
            0.0,
            0.00095367431640625,
            0.00095367431640625,
            0.00095367431640625,
            0.0011920928955078125,
            0.00095367431640625,
            0.0011920928955078125,
            0.0019073486328125,
            0.0011920928955078125,
            0.00095367431640625,
            0.00095367431640625,
            0.00095367431640625,
            0.00095367431640625,
            0.00095367431640625,
            0.00095367431640625,
            0.0019073486328125,
            0.00095367431640625,
            0.00095367431640625,
            0.0021457672119140625,
            0.00095367431640625,
            0.0011920928955078125,
            0.00095367431640625,
            0.00095367431640625,
            0.0011920928955078125,
            0.0011920928955078125,
            0.0011920928955078125,
            0.00095367431640625,
            0.0011920928955078125,
            0.0011920928955078125,
            0.00095367431640625,
            0.0011920928955078125,
            0.0011920928955078125,
            0.00095367431640625,
            0.0019073486328125,
            0.0011920928955078125,
            0.00095367431640625,
            0.0007152557373046875,
            0.00095367431640625,
            0.00095367431640625,
            0.00095367431640625,
            0.00095367431640625,
            0.0019073486328125,
            0.0019073486328125,
            0.0011920928955078125,
            0.0021457672119140625,
            0.0019073486328125,
            0.0019073486328125,
            0.00095367431640625,
            0.0019073486328125,
            0.0007152557373046875,
            0.0011920928955078125,
            0.0021457672119140625,
            0.00095367431640625,
            0.0019073486328125,
            0.00095367431640625,
            0.0021457672119140625,
            0.0021457672119140625,
            0.00095367431640625,
            0.00095367431640625,
            0.0016689300537109375,
            0.00095367431640625,
            0.00095367431640625,
            0.00095367431640625,
            0.0007152557373046875,
            0.00095367431640625,
            0.00095367431640625,
            0.0007152557373046875,
            0.00095367431640625,
            0.0011920928955078125,
            0.00095367431640625,
            0.00095367431640625,
            0.0007152557373046875,
            0.0019073486328125,
            0.0007152557373046875,
            0.0016689300537109375
        ]
    }
}