{
    "timers": {
        "rollout": {
            "start": 1762141347.392651,
            "end": 1762141347.3932328,
            "duration_ms": 0.5817413330078125
        },
        "update": {
            "start": 1762141347.393642,
            "end": 1762141347.4071429,
            "duration_ms": 13.50092887878418
        }
    },
    "metrics": {}
}