{
    "timers": {
        "rollout": {
            "start": 1762138409.760316,
            "end": 1762138409.760894,
            "duration_ms": 0.5781650543212891
        },
        "update": {
            "start": 1762138409.7612941,
            "end": 1762138409.851788,
            "duration_ms": 90.49391746520996
        }
    },
    "metrics": {}
}