{
    "timers": {
        "rollout": {
            "start": 1762141367.953772,
            "end": 1762141367.954397,
            "duration_ms": 0.6248950958251953
        },
        "update": {
            "start": 1762141367.954821,
            "end": 1762141367.968491,
            "duration_ms": 13.669967651367188
        }
    },
    "metrics": {
        "planner_latency_ms": [
            0.025033950805664062,
            0.0021457672119140625,
            0.0021457672119140625,
            0.00095367431640625,
            0.0011920928955078125,
            0.0007152557373046875,
            0.003814697265625,
            0.0011920928955078125,
            0.00095367431640625,
            0.00095367431640625,
            0.00095367431640625,
            0.0021457672119140625,
            0.0011920928955078125,
            0.0016689300537109375,
            0.00095367431640625,
            0.00095367431640625,
            0.0011920928955078125,
            0.00095367431640625,
            0.00095367431640625,
            0.00095367431640625,
            0.00095367431640625,
            0.0011920928955078125,
            0.0021457672119140625,
            0.0011920928955078125,
            0.0021457672119140625,
            0.00095367431640625,
            0.0019073486328125,
            0.0011920928955078125,
            0.00095367431640625,
            0.0011920928955078125,
            0.00095367431640625,
            0.00095367431640625,
            0.0019073486328125,
            0.0021457672119140625,
            0.00095367431640625,
            0.00095367431640625,
            0.00095367431640625,
            0.0019073486328125,
            0.00095367431640625,
            0.0019073486328125,
            0.00095367431640625,
            0.0019073486328125,
            0.00095367431640625,
            0.00095367431640625,
            0.00095367431640625,
            0.0021457672119140625,
            0.00095367431640625,
            0.00095367431640625,
            0.00095367431640625,
            0.0021457672119140625,
            0.00095367431640625,
            0.0007152557373046875,
            0.00095367431640625,
            0.00095367431640625,
            0.00095367431640625,
            0.0019073486328125,
            0.0007152557373046875,
            0.0019073486328125,
            0.00095367431640625,
            0.0011920928955078125,
            0.00095367431640625,
            0.00095367431640625,
            0.00095367431640625,
            0.0011920928955078125,
            0.00095367431640625,
            0.0019073486328125,
            0.00095367431640625,
            0.00095367431640625,
            0.00095367431640625,
            0.00095367431640625,
            0.0021457672119140625,
            0.0019073486328125,
            0.00095367431640625,
            0.0021457672119140625,
            0.0019073486328125,
            0.0019073486328125,
            0.00095367431640625,
            0.0050067901611328125,
            0.0011920928955078125,
            0.0011920928955078125,
            0.0011920928955078125,
            0.00095367431640625,
            0.0021457672119140625,
            0.00095367431640625,
            0.00095367431640625,
            0.00095367431640625,
            0.0040531158447265625,
            0.0019073486328125,
            0.00095367431640625,
            0.0021457672119140625,
            0.0019073486328125,
            0.0016689300537109375,
            0.0011920928955078125,
            0.0019073486328125
        ]
    }
}