{
    "timers": {
        "rollout": {
            "start": 1762142464.839,
            "end": 1762142464.843935,
            "duration_ms": 4.935026168823242
        },
        "update": {
            "start": 1762142464.8441758,
            "end": 1762142464.8572218,
            "duration_ms": 13.046026229858398
        }
    },
    "metrics": {}
}