{
  "auc": {
    "ippo": {
      "mean": 4325.056586274737,
      "std": 65.1130956282695
    }
  },
  "throughput": {
    "ippo": {
      "mean": 1032.5405167079607,
      "std": NaN
    },
    "myndra_mappo": {
      "mean": 1509.634138219124,
      "std": 242.56314237975587
    }
  }
}