{
    "timers": {
        "rollout": {
            "start": 1762142663.342643,
            "end": 1762142663.343859,
            "duration_ms": 1.2159347534179688
        },
        "update": {
            "start": 1762142663.34439,
            "end": 1762142663.3596191,
            "duration_ms": 15.229225158691406
        }
    },
    "metrics": {
        "time_to_target_return_sec": [
            1.2660470008850098
        ]
    }
}