{
    "timers": {
        "rollout": {
            "start": 1762135836.3319738,
            "end": 1762135836.332614,
            "duration_ms": 0.6401538848876953
        },
        "update": {
            "start": 1762135836.333001,
            "end": 1762135836.348011,
            "duration_ms": 15.01011848449707
        }
    },
    "metrics": {}
}