{
    "timers": {
        "rollout": {
            "start": 1762138406.616478,
            "end": 1762138406.617064,
            "duration_ms": 0.5860328674316406
        },
        "update": {
            "start": 1762138406.617276,
            "end": 1762138406.63118,
            "duration_ms": 13.904094696044922
        }
    },
    "metrics": {}
}