{
  "auc_mode": "abs",
  "auc_mean": 4325.056586274737,
  "auc_lo": 4197.704779180982,
  "auc_hi": 4452.948114043798,
  "n_seeds": 5
}