step,mean_reward_mean,mean_reward_std,steps_per_second_mean,steps_per_second_std
1000,-1.0449756751831738,,789.8600915297505,
2000,-0.985289395346636,,1032.5405167079607,
