{
    "timers": {
        "total_run_latency": {
            "start": 1761795521.010783,
            "end": 1761795536.319558,
            "duration_ms": 15308.774948120117
        },
        "plan_latency": {
            "start": 1761795521.010786,
            "end": 1761795536.310306,
            "duration_ms": 15299.520015716553
        },
        "assign_latency": {
            "start": 1761795536.310414,
            "end": 1761795536.310835,
            "duration_ms": 0.4208087921142578
        },
        "execute_latency": {
            "start": 1761795536.3108952,
            "end": 1761795536.316957,
            "duration_ms": 6.061792373657227
        },
        "adapt_latency": {
            "start": 1761795536.3190799,
            "end": 1761795536.3194292,
            "duration_ms": 0.34928321838378906
        },
        "summarize_latency": {
            "start": 1761795536.319499,
            "end": 1761795536.3195488,
            "duration_ms": 0.04982948303222656
        }
    },
    "metrics": {}
}