{
    "timers": {
        "rollout": {
            "start": 1762141369.925097,
            "end": 1762141369.925694,
            "duration_ms": 0.5970001220703125
        },
        "update": {
            "start": 1762141369.9261281,
            "end": 1762141369.9395561,
            "duration_ms": 13.427972793579102
        }
    },
    "metrics": {
        "planner_latency_ms": [
            0.0019073486328125,
            0.00095367431640625,
            0.00095367431640625,
            0.0011920928955078125,
            0.00095367431640625,
            0.0016689300537109375,
            0.0011920928955078125,
            0.00095367431640625,
            0.00095367431640625,
            0.0011920928955078125,
            0.00095367431640625,
            0.00095367431640625,
            0.00095367431640625,
            0.0021457672119140625,
            0.0007152557373046875,
            0.00095367431640625,
            0.0011920928955078125,
            0.00095367431640625,
            0.00095367431640625,
            0.00095367431640625,
            0.00095367431640625,
            0.0021457672119140625,
            0.0011920928955078125,
            0.0011920928955078125,
            0.0059604644775390625,
            0.00476837158203125,
            0.0019073486328125,
            0.0019073486328125,
            0.0011920928955078125,
            0.00095367431640625,
            0.0011920928955078125,
            0.0011920928955078125,
            0.0040531158447265625,
            0.0030994415283203125,
            0.00095367431640625,
            0.00095367431640625,
            0.0011920928955078125,
            0.0007152557373046875,
            0.00095367431640625,
            0.0016689300537109375,
            0.0021457672119140625,
            0.0021457672119140625,
            0.0007152557373046875,
            0.0021457672119140625,
            0.0019073486328125,
            0.0021457672119140625,
            0.0016689300537109375,
            0.0016689300537109375,
            0.00095367431640625,
            0.00095367431640625,
            0.0011920928955078125,
            0.0011920928955078125,
            0.0021457672119140625,
            0.00095367431640625,
            0.0011920928955078125,
            0.00095367431640625,
            0.00095367431640625,
            0.0021457672119140625,
            0.00095367431640625,
            0.00095367431640625,
            0.00095367431640625,
            0.0016689300537109375,
            0.0011920928955078125,
            0.0021457672119140625,
            0.0011920928955078125,
            0.00095367431640625,
            0.00095367431640625,
            0.00095367431640625,
            0.0011920928955078125,
            0.00095367431640625,
            0.0021457672119140625,
            0.00095367431640625,
            0.00095367431640625,
            0.0011920928955078125,
            0.00095367431640625,
            0.00095367431640625,
            0.00095367431640625,
            0.00095367431640625,
            0.00095367431640625,
            0.0011920928955078125,
            0.00095367431640625,
            0.0011920928955078125,
            0.00095367431640625,
            0.00095367431640625,
            0.00095367431640625,
            0.00095367431640625,
            0.0021457672119140625,
            0.00095367431640625,
            0.0011920928955078125,
            0.0016689300537109375,
            0.0016689300537109375,
            0.0019073486328125,
            0.00095367431640625,
            0.00095367431640625
        ]
    }
}